facility_code,facility_name,network_id,region,latitude,longitude,facility_name_clean_key
ADP,Adelaide Desalination,NEM,SA1,-35.100751,138.483357,adelaide desalination
ALDGASF,Aldoga,NEM,QLD1,-23.839544,151.0849,aldoga
AMCORGR,Amcor Glass,NEM,SA1,-34.882663,138.577975,amcor glass
ANGASTON,Angaston,NEM,SA1,-34.503389,139.02458,angaston
APS,Anglesea,NEM,VIC1,-38.389031,144.180589,anglesea
APPIN,Appin,NEM,NSW1,-34.210868,150.792711,appin
ARWF,Ararat,NEM,VIC1,-37.263393,143.082116,ararat
AVLSF,Avonlie,NEM,NSW1,-34.913826,146.590545,avonlie
AWABAREF,Awaba,NEM,NSW1,-33.023339,151.551228,awaba
DEIBDL,Bairnsdale,NEM,VIC1,-37.842918,147.563855,bairnsdale
BAKING,Baking Board,NEM,QLD1,-26.720639,150.553781,baking board
BHWF,Bald Hills,NEM,VIC1,-38.746897,145.949104,bald hills
BALBESS,Ballarat,NEM,VIC1,-37.567603,143.919894,ballarat
BBASEHOS,Ballarat Hospital,NEM,VIC1,-37.558774,143.847247,ballarat hospital
BANGOWF,Bango,NEM,NSW1,-34.767208,148.921499,bango
BAPS,Banimboola,NEM,VIC1,-36.534342,147.45934,banimboola
BANKSPT,Bankstown Sports Club,NEM,NSW1,-33.919998,151.033742,bankstown sports club
BANNSP,Bannerton,NEM,VIC1,-34.687324,142.77895,bannerton
BARCALDN,Barcaldine,NEM,QLD1,-23.552279,145.314856,barcaldine
BARCSF,Barcaldine,NEM,QLD1,-23.547776,145.318817,barcaldine
BARKIPS,Barker Inlet,NEM,SA1,-34.803695,138.523864,barker inlet
BARRON,Barron Gorge,NEM,QLD1,-16.850852,145.646758,barron gorge
BASTYAN,Bastyan,NEM,TAS1,-41.736045,145.532064,bastyan
BAYSW,Bayswater,NEM,NSW1,-32.394981,150.94949,bayswater
BBDISEL1,Bell Bay,NEM,TAS1,-41.127009,146.874083,bell bay
BELLBAY,Bell Bay,NEM,TAS1,-41.141944,146.9025,bell bay
BBP31,Bell Bay Three,NEM,TAS1,-41.139324,146.905522,bell bay three
BHBBESS,Bellambi,NEM,NSW1,-32.322372,149.465006,bellambi
BCBESS,Bennetts Creek,NEM,VIC1,-38.259575,146.425208,bennetts creek
BRYB1WF1,Berrybank,NEM,VIC1,-37.885519,143.453446,berrybank
BERWICK,Berwick,NEM,VIC1,-37.940819,145.236257,berwick
BERYLSF,Beryl,NEM,NSW1,-32.356446,149.470517,beryl
BIALAWF,Biala,NEM,NSW1,-34.587836,149.369848,biala
BLAYNEY,Blayney,NEM,NSW1,-33.621944,149.198333,blayney
BLINDCREEK,Blind Creek,NEM,NSW1,-35.18531,149.472248,blind creek
SNOWY6,Blowering,NEM,NSW1,-35.398563,148.246201,blowering
BLUEGSF,Blue Grass,NEM,QLD1,-26.682643,150.504537,blue grass
BLULAKE,Blue Lake Milling,NEM,SA1,-36.316597,140.757571,blue lake milling
BLYTHB,Blyth,NEM,SA1,-33.848475,138.403204,blyth
BOCOROCK,Boco Rock,NEM,NSW1,-36.574527,149.124863,boco rock
BODWF,Bodangora,NEM,NSW1,-32.414669,149.099633,bodangora
MCKAY,Bogong / Mackay,NEM,VIC1,-36.858282,147.234146,bogong mackay
BOLIVAR,Bolivar,NEM,SA1,-34.495482,138.387641,bolivar
BOLIVPS,Bolivar,NEM,SA1,-34.7772,138.5826,bolivar
BOMENSF,Bomen,NEM,NSW1,-35.046577,147.442585,bomen
BCWF,Boulder Creek,NEM,QLD1,-23.669964,150.260813,boulder creek
BBATTERY,Bouldercombe,NEM,QLD1,-23.535251,150.489057,bouldercombe
BRAEMARA,Braemar,NEM,QLD1,-27.110488,150.905683,braemar
B2PS,Braemar 2,NEM,QLD1,-27.112874,150.905442,braemar 2
BRNDBES,Brendale,NEM,QLD1,-27.329333,152.974384,brendale
BROADMDW,Broadmeadows,NEM,VIC1,-37.685081,144.966114,broadmeadows
BRDD,Broadsound,NEM,QLD1,-22.810001,149.36302,broadsound
BWTR1,Broadwater,NEM,NSW1,-29.016483,153.445756,broadwater
BHILLGT,Broken Hill,NEM,NSW1,-31.986313,141.42062,broken hill
BROKENH,Broken Hill,NEM,NSW1,-31.987538,141.391994,broken hill
BHB,Broken Hill Battery,NEM,NSW1,-31.986306,141.422951,broken hill battery
BROOKLYN,Brooklyn,NEM,VIC1,-37.818597,144.828492,brooklyn
BROWNMT,Brown Mountain,NEM,NSW1,-36.594993,149.473997,brown mountain
BPLANDF,Browns Plains,NEM,QLD1,-27.674584,153.068499,browns plains
WELLINGTONBESS,Bulabul,NEM,NSW1,-32.530355,148.969343,bulabul
BULGANA,Bulgana Green Power Hub,NEM,VIC1,-37.039507,142.982799,bulgana green power hub
BUSF,Bundaberg,NEM,QLD1,-24.943515,152.020698,bundaberg
BNGSF1,Bungala One,NEM,SA1,-32.415846,137.841225,bungala one
BNGSF2,Bungala Two,NEM,SA1,-32.415846,137.841225,bungala two
BUNGAMB,Bungama,NEM,SA1,-33.191223,138.08733,bungama
BDONGHYD,Burrendong,NEM,NSW1,-32.664624,149.107959,burrendong
BURRIN,Burrinjuck,NEM,NSW1,-35.003008,148.582864,burrinjuck
BUTLERSG,Butlers Gorge,NEM,TAS1,-42.266898,146.261823,butlers gorge
CALBESS1,Calala 1,NEM,NSW1,-31.141287,150.963101,calala 1
CALBESS2,Calala 2,NEM,NSW1,-31.141287,150.963101,calala 2
CALL_A,Callide A,NEM,QLD1,-24.333169,150.626322,callide a
CALL_B,Callide B,NEM,QLD1,-24.346016,150.61856,callide b
CALLIDEC1,Callide C,NEM,QLD1,-24.346016,150.61856,callide c
CANUNDA1,Canunda,NEM,SA1,-37.698303,140.383633,canunda
CAPBES,Capital,NEM,NSW1,-35.338251,149.215529,capital
CAPTL_WF,Capital,NEM,NSW1,-35.123534,149.500249,capital
CESF,Capital East,NEM,NSW1,-35.180684,149.546482,capital east
CHWF1,Carmody's Hill,NEM,SA1,-33.360857,138.478203,carmody s hill
CRWARP,Carwarp,NEM,VIC1,-34.454955,142.15808,carwarp
LI_WY_CA,Catagunya / Liapootah / Wayatinah,NEM,TAS1,-42.376279,146.510051,catagunya liapootah wayatinah
CATHROCK,Cathedral Rocks,NEM,SA1,-34.848741,135.592649,cathedral rocks
CTHLWF,Cattle Hill,NEM,TAS1,-42.149661,146.724045,cattle hill
CETHANA,Cethana,NEM,TAS1,-41.480804,146.134511,cethana
CHALLWF,Challicum Hills,NEM,VIC1,-37.395466,143.10459,challicum hills
CHPSTWF,Chepstowe,NEM,VIC1,-37.596503,143.499582,chepstowe
CHYTWF,Cherry Tree,NEM,VIC1,-37.1018,145.2656,cherry tree
CHILDSF,Childers,NEM,QLD1,-25.305189,152.402663,childers
CHBESS,Chinchilla,NEM,QLD1,-26.918551,150.745399,chinchilla
CBWWBA,Christies Beach,NEM,SA1,-35.125958,138.47135,christies beach
CLARESF,Clare,NEM,QLD1,-19.839817,147.204884,clare
CLRKCWF,Clarke Creek,NEM,QLD1,-22.850446,149.453252,clarke creek
CLAYTON,Clayton,NEM,VIC1,-37.950618,145.119681,clayton
CLEMGPWF,Clements Gap,NEM,SA1,-33.489773,138.111695,clements gap
CLERMSF,Clermont,NEM,QLD1,-22.837763,147.579322,clermont
CLOVER,Clover,NEM,VIC1,-36.785257,147.220466,clover
CLUNY,Cluny,NEM,TAS1,-42.506442,146.68104,cluny
CODRGTON,Codrington,NEM,VIC1,-38.282875,141.95496,codrington
COHUNSF1,Cohuna,NEM,VIC1,-35.886553,144.217421,cohuna
COLEASF,Coleambally,NEM,NSW1,-34.762456,145.928786,coleambally
COLWF01,Collector,NEM,NSW1,-34.862066,149.388245,collector
COLNSV,Collinsville,NEM,QLD1,-20.543333,147.806944,collinsville
CSPVPS,Collinsville,NEM,QLD1,-20.541215,147.807432,collinsville
COLONGRA,Colongra,NEM,NSW1,-33.209801,151.544968,colongra
COLUMSF,Columboola,NEM,QLD1,-26.633781,150.298894,columboola
CPSA,Condamine A,NEM,QLD1,-26.668181,150.270023,condamine a
CONDONG1,Condong,NEM,NSW1,-28.314766,153.433808,condong
CBWF,Coonoer Bridge,NEM,VIC1,-36.415237,143.380189,coonoer bridge
COOPGWF,Coopers Gap,NEM,QLD1,-26.717004,151.449177,coopers gap
COPTNHYD,Copeton,NEM,NSW1,-29.910174,150.92348,copeton
CORIO,Corio,NEM,VIC1,-38.059048,144.404905,corio
CRWASF1,Corowa,NEM,NSW1,-35.979325,146.359356,corowa
CROOKWEL,Crookwell,NEM,NSW1,-34.5165,149.54248,crookwell
CROOKWF2,Crookwell 2,NEM,NSW1,-34.556855,149.609565,crookwell 2
CROOKWF3,Crookwell 3,NEM,NSW1,-34.484645,149.54447,crookwell 3
CROWLWF,Crowlands,NEM,VIC1,-36.97615,143.097998,crowlands
CRURWF1,Crudine Ridge,NEM,NSW1,-32.864748,149.81297,crudine ridge
CULCSF,Culcairn,NEM,NSW1,-35.709592,146.981761,culcairn
CULLERIN,Cullerin Range,NEM,NSW1,-34.809208,149.399185,cullerin range
DAANDINE,Daandine,NEM,QLD1,-27.08615,150.942623,daandine
DALNTH,Dalrymple North,NEM,SA1,-34.933952,137.743532,dalrymple north
DDPS1,Darling Downs,NEM,QLD1,-27.116855,150.894761,darling downs
DDSF,Darling Downs,NEM,QLD1,-27.113797,150.879733,darling downs
DARLSF,Darlington Point,NEM,NSW1,-34.648971,146.061179,darlington point
DPNTB,Darlington Point,NEM,NSW1,-34.647016,146.035236,darlington point
DARTM,Dartmouth,NEM,VIC1,-36.556485,147.520456,dartmouth
DAYDSF,Daydream,NEM,QLD1,-20.479752,147.763711,daydream
DELBURNWF,Delburn,NEM,VIC1,-38.326518,146.25402,delburn
DEVILS_G,Devils Gate,NEM,TAS1,-41.350513,146.263394,devils gate
DIAPURWF,Diapur 2,NEM,VIC1,-36.339953,141.447361,diapur 2
DRYCGT,Dry Creek,NEM,SA1,-34.847703,138.5816,dry creek
DULAWF,Dulacca,NEM,QLD1,-26.631438,149.867554,dulacca
DUNDWF,Dundonnell,NEM,VIC1,-37.863894,142.943454,dundonnell
PMATTAEP,Earthpower,NEM,NSW1,-33.824397,151.042142,earthpower
EASTCRK,Eastern Creek,NEM,NSW1,-33.815468,150.854307,eastern creek
EASTCRK2,Eastern Creek 2,NEM,NSW1,-33.815468,150.854307,eastern creek 2
EDENVSF,Edenvale,NEM,QLD1,-26.931732,150.582727,edenvale
EILDON,Eildon,NEM,VIC1,-37.221982,145.921476,eildon
EILDONPD,Eildon,NEM,VIC1,-37.221774,145.922582,eildon
ELAINEBESS,Elaine,NEM,VIC1,-37.734648,144.010291,elaine
ELAINEWF,Elaine,NEM,VIC1,-37.6352,144.0237,elaine
EMERASF,Emerald,NEM,QLD1,-23.507996,148.126404,emerald
ENERGYB,Energy Brix,NEM,VIC1,-38.254444,146.413611,energy brix
ERARING,Eraring,NEM,NSW1,-33.061039,151.51984,eraring
ERB,Eraring,NEM,NSW1,-33.066837,151.515026,eraring
ERGT01,Eraring,NEM,NSW1,-33.062117,151.517224,eraring
ERB2,Eraring 2,NEM,NSW1,-33.066837,151.515026,eraring 2
FWF,Ferguson,NEM,VIC1,-38.610902,143.179321,ferguson
FINLEYSF,Finley,NEM,NSW1,-35.648941,145.50575,finley
FISHER,Fisher,NEM,TAS1,-41.673312,146.268511,fisher
FLYCRKWF,Flyers Creek,NEM,NSW1,-33.517716,149.052949,flyers creek
FULHAMSF,Fulham,NEM,VIC1,-38.121256,146.973124,fulham
GANGARR,Gangarri,NEM,QLD1,-26.270557,149.758054,gangarri
GANNBESS,Gannawarra,NEM,VIC1,-35.734598,143.779894,gannawarra
GANNSF,Gannawarra,NEM,VIC1,-35.729012,143.783189,gannawarra
GEORGTWN,George Town,NEM,TAS1,-41.091063,146.893204,george town
GERMCRK,German Creek,NEM,QLD1,-22.928526,148.549097,german creek
GIRGSF,Girgarre,NEM,VIC1,-36.426125,144.922155,girgarre
GSTONE,Gladstone,NEM,QLD1,-23.853641,151.217515,gladstone
GLBWNHYD,Glenbawn,NEM,NSW1,-32.107937,150.999481,glenbawn
GESF,Glenellen,NEM,NSW1,-35.929882,146.909107,glenellen
GLENMAGG,Glenmaggie,NEM,VIC1,-37.904836,146.800388,glenmaggie
GLENNCRK,Glennies Creek,NEM,NSW1,-32.459876,151.128697,glennies creek
GLENSF,Glenrowan,NEM,VIC1,-36.464,146.221,glenrowan
GLRWNSF,Glenrowan West,NEM,VIC1,-36.4907,146.157473,glenrowan west
GNARWARREBESS,Gnarwarre,NEM,VIC1,-38.148311,144.139484,gnarwarre
GPWFEST,Golden Plains East,NEM,VIC1,-37.9729,143.783,golden plains east
GPWFWST,Golden Plains West,NEM,VIC1,-37.90844,143.664887,golden plains west
GOONUMSF,Goonumbla,NEM,NSW1,-33.109212,148.092982,goonumbla
GOESF1,Goorambat East,NEM,VIC1,-36.427352,145.918853,goorambat east
GORDON,Gordon,NEM,TAS1,-42.740519,145.982796,gordon
GRIVSF,Goulburn River,NEM,NSW1,-32.282141,150.102488,goulburn river
GBESS,Goyder,NEM,SA1,-33.576364,138.945737,goyder
GSWF,Goyder South,NEM,SA1,-33.682196,138.936249,goyder south
GRANGEAV,Grange Avenue,NEM,NSW1,-33.713011,150.83316,grange avenue
GRANWF,Granville Harbour,NEM,TAS1,-41.778439,145.065517,granville harbour
GREENB,Greenbank,NEM,QLD1,-27.733562,152.955042,greenbank
GRIFSF,Griffith,NEM,NSW1,-34.317617,146.121416,griffith
GROSV1,Grosvenor 1,NEM,QLD1,-21.929194,148.032416,grosvenor 1
GROSV2,Grosvenor 2,NEM,QLD1,-21.929194,148.032416,grosvenor 2
GULLRGWF,Gullen Range,NEM,NSW1,-34.615245,149.45808,gullen range
GNNDHSF,Gunnedah,NEM,NSW1,-30.937263,150.344174,gunnedah
GUNNING,Gunning,NEM,NSW1,-34.691531,149.373013,gunning
GUSF,Gunsynd,NEM,QLD1,-28.408388,150.343437,gunsynd
SNOWY3,Guthega,NEM,NSW1,-36.350097,148.413602,guthega
HLMSEW01,Hallam,NEM,VIC1,-38.143332,145.119964,hallam
HALAMRD,Hallam Road,NEM,VIC1,-38.052181,145.267798,hallam road
AGLHAL,Hallett,NEM,SA1,-33.349528,138.751607,hallett
HALLETTB,Hallett,NEM,SA1,-33.346318,138.749818,hallett
HALLWF,Hallett 1,NEM,SA1,-33.328434,138.704669,hallett 1
HALLWF2,Hallett 2,NEM,SA1,-33.53821,138.857215,hallett 2
HAMISF,Hamilton,NEM,QLD1,-20.496081,147.738803,hamilton
HAMPTON,Hampton,NEM,NSW1,-33.649722,150.05,hampton
HVWW,Happy Valley,NEM,SA1,-35.063118,138.56476,happy valley
HASTING,Hastings,NEM,VIC1,-38.295952,145.221926,hastings
HAUGHT1,Haughton,NEM,QLD1,-19.750134,147.048103,haughton
HD1WF,Hawkesdale,NEM,VIC1,-38.148008,142.360925,hawkesdale
HAYMSF,Hayman,NEM,QLD1,-20.510097,147.755711,hayman
HAZEL,Hazelwood,NEM,VIC1,-38.270575,146.389794,hazelwood
HBESS,Hazelwood BESS,NEM,VIC1,-38.267845,146.390293,hazelwood bess
HEPWIND,Hepburn,NEM,VIC1,-37.424555,144.115711,hepburn
HILLSTN,Hillston Sun,NEM,NSW1,-33.531624,145.52242,hillston sun
HORNSDAL,Hornsdale,NEM,SA1,-33.05982,138.537673,hornsdale
HORNSDAL2,Hornsdale 2,NEM,SA1,-33.05982,138.537673,hornsdale 2
HORNSDAL3,Hornsdale 3,NEM,SA1,-33.05982,138.537673,hornsdale 3
HORNSDPR,Hornsdale Power Reserve,NEM,SA1,-33.086389,138.518659,hornsdale power reserve
HORSHAMSF,Horsham,NEM,VIC1,-36.71577,142.25956,horsham
HUGSF,Hughenden,NEM,QLD1,-20.85484,144.186257,hughenden
HUMENSW,Hume,NEM,NSW1,-36.106639,147.032526,hume
HUMEV,Hume,NEM,VIC1,-36.106887,147.032572,hume
HUNTER,Hunter,NEM,NSW1,-32.793406,151.478353,hunter
HEZ,Hunter Economic Zone,NEM,NSW1,-32.835481,151.451033,hunter economic zone
HUNTVGT,Hunter Valley,NEM,NSW1,-32.389989,150.965963,hunter valley
INVICTA,Invicta Sugar Mill,NEM,QLD1,-19.520476,147.107439,invicta sugar mill
ICSM,Isis Central Sugar Mill,NEM,QLD1,-25.197619,152.206949,isis central sugar mill
JACKSGUL,Jacks Gully,NEM,NSW1,-34.072955,150.743691,jacks gully
JEERA,Jeeralang A,NEM,VIC1,-38.275046,146.425572,jeeralang a
JEERB,Jeeralang B,NEM,VIC1,-38.273845,146.424827,jeeralang b
JEMALNG1,Jemalong,NEM,NSW1,-33.409099,147.655008,jemalong
JNDSHPS,Jindabyne,NEM,NSW1,-36.434918,148.63057,jindabyne
SNWYGJP2,Jindabyne Pump At Guthega,NEM,NSW1,-36.434918,148.63057,jindabyne pump at guthega
JBUTTERS,John Butters,NEM,TAS1,-42.154894,145.534508,john butters
JOUNAMA,Jounama,NEM,NSW1,-35.562015,148.305493,jounama
JUNEESF,Junee,NEM,NSW1,-34.814929,147.572334,junee
KABANWF,Kaban,NEM,QLD1,-17.560606,145.413125,kaban
KARSF,Karadoc,NEM,VIC1,-34.411851,142.250443,karadoc
KAREEYA,Kareeya,NEM,QLD1,-17.767013,145.577993,kareeya
KEEPIT,Keepit,NEM,NSW1,-30.87868,150.491876,keepit
AGLSITA,Kemps Creek,NEM,NSW1,-33.874591,150.761858,kemps creek
KENNEDY,Kennedy Energy Park,NEM,QLD1,-20.872792,144.413034,kennedy energy park
KERNGSP,Kerang,NEM,VIC1,-35.779895,143.941051,kerang
KIAMSF1,Kiamal,NEM,VIC1,-35.021508,142.297971,kiamal
KIATAWF,Kiata,NEM,VIC1,-36.397288,141.747394,kiata
KIDSTON,Kidston,NEM,QLD1,-18.865892,144.15955,kidston
KSP1,Kidston,NEM,QLD1,-18.889381,144.14246,kidston
KINCUMB,Kincumber,NEM,NSW1,-33.477111,151.402603,kincumber
KINGASF,Kingaroy,NEM,QLD1,-26.537087,151.890398,kingaroy
KOGANCK,Kogan Creek,NEM,QLD1,-26.915285,150.748948,kogan creek
KESS1,Koorangie,NEM,VIC1,-35.735367,143.754813,koorangie
KRCCOGEN,KRC Cogen,NEM,QLD1,-27.57359,151.926883,krc cogen
LADBROKE,Ladbroke Grove,NEM,SA1,-37.456341,140.782163,ladbroke grove
LBBESS,Lake Bonney,NEM,SA1,-37.738979,140.38681,lake bonney
LKBONNY1,Lake Bonney,NEM,SA1,-37.760504,140.405541,lake bonney
LKBONNY_2,Lake Bonney 2,NEM,SA1,-37.760504,140.405541,lake bonney 2
LKBONNY3,Lake Bonney 3,NEM,SA1,-37.760504,140.405541,lake bonney 3
LK_ECHO,Lake Echo,NEM,TAS1,-42.253643,146.620627,lake echo
LANCSF,Lancaster,NEM,VIC1,-36.290467,145.141535,lancaster
LVES,Latrobe Valley,NEM,VIC1,-38.258183,146.418614,latrobe valley
LNGS,Laverton North,NEM,VIC1,-37.841703,144.788796,laverton north
LEM_WIL,Lemonthyme / Wilmot,NEM,TAS1,-41.603738,146.13894,lemonthyme wilmot
LDBESS,Liddell,NEM,NSW1,-32.37564,150.978578,liddell
LIDDELL,Liddell,NEM,NSW1,-32.369027,150.980112,liddell
LILYVASF,Lilyvale,NEM,QLD1,-23.084225,148.425994,lilyvale
LCNBESS,Limestone Coast North,NEM,SA1,-37.733181,140.840805,limestone coast north
LIMBESS,Limondale,NEM,NSW1,-34.769354,143.559464,limondale
LIMOSF1,Limondale,NEM,NSW1,-34.771747,143.500494,limondale
LIMOSF2,Limondale 2,NEM,NSW1,-34.775502,143.508046,limondale 2
LGAPWF1,Lincoln Gap,NEM,SA1,-32.564612,137.557203,lincoln gap
LOCKHART,Lockhart,NEM,NSW1,-35.217506,146.70322,lockhart
LONGFORD,Longford,NEM,VIC1,-38.223244,147.1631,longford
LRSF,Longreach,NEM,QLD1,-23.446178,144.35918,longreach
LONSDALE,Lonsdale,NEM,SA1,-35.109703,138.490992,lonsdale
LOTUSCRKWF,Lotus Creek,NEM,QLD1,-22.366535,149.27332,lotus creek
LOYYANGA,Loy Yang A,NEM,VIC1,-38.253534,146.574459,loy yang a
LOYYB,Loy Yang B,NEM,VIC1,-38.256446,146.584982,loy yang b
LUCASHGT,Lucas Heights,NEM,NSW1,-34.04829,150.973916,lucas heights
LUCAS2S2,Lucas Heights 2,NEM,NSW1,-34.044088,150.972475,lucas heights 2
MACARTH,Macarthur,NEM,VIC1,-38.043483,142.179081,macarthur
MCINTYR,MacIntyre,NEM,QLD1,-28.2163,152.0327,macintyre
MACKAY,Mackay,NEM,QLD1,-21.144595,149.158876,mackay
MACKNTSH,Mackintosh,NEM,TAS1,-41.69974,145.646154,mackintosh
MANSLR,Manildra,NEM,NSW1,-33.172681,148.718175,manildra
MANNUMB,Mannum,NEM,SA1,-34.917537,139.262695,mannum
MANNSF,Mannum 2,NEM,SA1,-34.9144,139.2681,mannum 2
MAPS2,Mannum Pumping Station,NEM,SA1,-34.854044,139.189749,mannum pumping station
MAROOWF1,Maroona,NEM,VIC1,-37.41875,142.82434,maroona
MARYRSF,Maryrorough,NEM,QLD1,-27.708611,151.546202,maryrorough
MARYVALE,Maryvale,NEM,NSW1,-32.465112,148.913306,maryvale
MEADOWBK,Meadowbank,NEM,TAS1,-42.611178,146.845687,meadowbank
MREH,Melbourne A1,NEM,VIC1,-37.661157,144.726292,melbourne a1
MREHA2,Melbourne A2,NEM,VIC1,-37.663934,144.726927,melbourne a2
MREHA3,Melbourne A3,NEM,VIC1,-37.663819,144.726859,melbourne a3
METZSF,Metz N,NEM,NSW1,-30.515484,151.859815,metz n
MIDDLSF1,Middlemount,NEM,QLD1,-22.823243,148.718008,middlemount
MIDLDPS,Midlands,NEM,TAS1,-42.085747,147.274558,midlands
MILLMERN,Millmerran,NEM,QLD1,-27.961319,151.277699,millmerran
MINTARO,Mintaro,NEM,SA1,-33.903056,138.738162,mintaro
MOKOSF,Mokoan,NEM,VIC1,-36.489246,146.128325,mokoan
MOLNGSF1,Molong,NEM,NSW1,-33.08981,148.912255,molong
MOORAWF1,Moorabool,NEM,VIC1,-37.739433,144.171985,moorabool
MORANBAH,Moranbah,NEM,QLD1,-21.962469,148.006004,moranbah
MBAHNTH,Moranbah North,NEM,QLD1,-21.978481,148.004809,moranbah north
MOREESF,Moree,NEM,NSW1,-29.569066,149.866721,moree
MWPS,Morganwhyalla Pipeline,NEM,SA1,-33.97382,139.193756,morganwhyalla pipeline
MORNBESS,Mornington,NEM,VIC1,-38.268707,145.204823,mornington
MORNW,Mornington Disposal,NEM,VIC1,-38.392054,144.854791,mornington disposal
MLB,Mortlake,NEM,VIC1,-38.06698,142.669466,mortlake
MORTLK,Mortlake,NEM,VIC1,-38.063237,142.668677,mortlake
MRTLSWF,Mortlake South,NEM,VIC1,-38.146832,142.853134,mortlake south
MLWF,Mortons Lane,NEM,VIC1,-37.833186,142.465288,mortons lane
MOUSF,Moura,NEM,QLD1,-24.515007,150.087256,moura
MEWF,Mt Emerald,NEM,QLD1,-17.133248,145.380037,mt emerald
MTGELWF,Mt Gellibrand,NEM,VIC1,-38.258519,143.802037,mt gellibrand
MTMERCER,Mt Mercer,NEM,VIC1,-37.831791,143.888681,mt mercer
MTMILLAR,Mt Millar,NEM,SA1,-33.62534,136.703771,mt millar
MP,Mt Piper,NEM,NSW1,-33.358121,150.032642,mt piper
MSTUART,Mt Stuart,NEM,QLD1,-19.337807,146.850916,mt stuart
MLLFGEF,Mugga Lane,NEM,NSW1,-35.395092,149.145414,mugga lane
MLSP,Mugga Lane,NEM,NSW1,-35.399485,149.1454,mugga lane
MULWASF,Mulwala,NEM,NSW1,-35.958258,146.007893,mulwala
MM,Munmorah,NEM,NSW1,-33.211781,151.542161,munmorah
MUCRKSF,Munna Creek,NEM,QLD1,-25.882106,152.459626,munna creek
MUWAWF,Murra Warra,NEM,VIC1,-36.438821,142.246003,murra warra
MURRAY,Murray,NEM,VIC1,-36.24683,148.1902,murray
MBPS2,Murray Bridge-Onkaparinga,NEM,SA1,-35.096848,139.209527,murray bridge onkaparinga
MUSSELRO,Musselroe,NEM,TAS1,-40.780012,148.010283,musselroe
NASF,Narromine,NEM,NSW1,-32.220895,148.255308,narromine
NEVERSF,Nevertire,NEM,NSW1,-31.822603,147.703086,nevertire
NEWENSF,New England,NEM,NSW1,-30.627323,151.556425,new england
NESBESS1,New England 1,NEM,NSW1,-30.626481,151.616,new england 1
NESBESS2,New England 2,NEM,NSW1,-30.626481,151.616,new england 2
NEWPORT,Newport,NEM,VIC1,-37.841423,144.894923,newport
NBHWF,North Brown Hill,NEM,SA1,-33.228116,138.716888,north brown hill
NORTHP,Northern,NEM,SA1,-32.5429,137.7874,northern
NUMURKSF,Numurkah,NEM,VIC1,-36.161038,145.476491,numurkah
NYNGAN,Nyngan,NEM,NSW1,-31.555475,147.08622,nyngan
OAKEY,Oakey,NEM,QLD1,-27.418268,151.680205,oakey
OAKEY2SF,Oakey 2,NEM,QLD1,-27.402454,151.642576,oakey 2
OAKEY1SF,Oakey Solar Farm,NEM,QLD1,-27.410516,151.652849,oakey solar farm
OAKLAND,Oaklands Hill,NEM,VIC1,-37.681514,142.552322,oaklands hill
OCPS,Oaky Creek,NEM,QLD1,-23.048717,148.484462,oaky creek
OAKY2,Oaky Creek 2,NEM,QLD1,-23.048717,148.484462,oaky creek 2
ORABESS,Orana,NEM,NSW1,-32.530421,148.962923,orana
OSBORNE,Osborne,NEM,SA1,-34.797702,138.50779,osborne
PALMERWF,Palmer,NEM,SA1,-34.815865,139.118654,palmer
PALOONA,Paloona,NEM,TAS1,-41.282674,146.249036,paloona
PSF,Parkes,NEM,NSW1,-33.117567,148.078825,parkes
PEDLER,Pedler Creek,NEM,SA1,-35.202388,138.501214,pedler creek
NPPPPS,Pelican Point,NEM,SA1,-34.765325,138.505402,pelican point
PPBESS,Pelican Point,NEM,SA1,-34.765891,138.504806,pelican point
PIBESS,Phillip Island,NEM,VIC1,-38.483293,145.22488,phillip island
PINDARI,Pindari,NEM,NSW1,-29.388034,151.244774,pindari
PLBESS,Pine Lodge,NEM,VIC1,-36.364749,145.531561,pine lodge
PIONEER,Pioneer Sugar Mill,NEM,QLD1,-19.557546,147.330825,pioneer sugar mill
PLAYF,Playford B,NEM,SA1,-32.538886,137.781822,playford b
PTINA,Poatina,NEM,TAS1,-41.811531,146.919117,poatina
PAREPW,Port Augusta Energy Park,NEM,SA1,-32.595609,137.885629,port augusta energy park
PLWF,Port Latta,NEM,TAS1,-40.871168,145.357293,port latta
PORTLATT,Port Latta,NEM,TAS1,-40.857362,145.384824,port latta
PORTLCN,Port Lincoln,NEM,SA1,-34.700389,135.804384,port lincoln
STANVAC,Port Stanvac,NEM,SA1,-35.110332,138.49135,port stanvac
PORTWF,Portland,NEM,VIC1,-38.361417,141.38456,portland
QUARANTN,Quarantine,NEM,SA1,-34.779339,138.522883,quarantine
QUERIVER,Que River,NEM,TAS1,-41.610502,145.544305,que river
QBYNB,Queanbeyan,NEM,NSW1,-35.339311,149.215101,queanbeyan
QP,Quorn Park,NEM,NSW1,-33.079517,148.089521,quorn park
RACOMIL,Racecourse Mill,NEM,QLD1,-21.163842,149.135738,racecourse mill
RANGEB,Rangebank,NEM,VIC1,-38.085056,145.259936,rangebank
REDBANK1,Redbank,NEM,NSW1,-32.58,151.072,redbank
REECE,Reece,NEM,TAS1,-41.723739,145.136012,reece
RPBESS,Reeves Plains,NEM,SA1,-34.502918,138.614457,reeves plains
REMOUNT,Remount,NEM,TAS1,-41.398447,147.1495,remount
REPULSE,Repulse,NEM,TAS1,-42.507691,146.647,repulse
RIVERINASF,Riverina,NEM,NSW1,-34.309852,146.105225,riverina
RESS,Riverina 1,NEM,NSW1,-34.646349,146.035015,riverina 1
RIVNB,Riverina 2,NEM,NSW1,-34.646349,146.035015,riverina 2
ROCHEDAL,Rochedale,NEM,QLD1,-27.555798,153.123155,rochedale
RPCG,Rocky Point Cogen,NEM,QLD1,-27.733564,153.326464,rocky point cogen
EDLRGNRD,Roghan Road,NEM,QLD1,-27.342062,153.049494,roghan road
ROMA,Roma,NEM,QLD1,-26.577126,148.84009,roma
RRSF,Ross River,NEM,QLD1,-19.42622,146.715299,ross river
ROWALLAN,Rowallan,NEM,TAS1,-41.729547,146.217649,rowallan
ROYALLA,Royalla,NEM,NSW1,-35.489826,149.142704,royalla
RUBICON,Rubicon,NEM,VIC1,-37.292453,145.818202,rubicon
RUGBYR,Rugby Run,NEM,QLD1,-22.142401,147.928736,rugby run
RYANCWF,Ryan Corner,NEM,VIC1,-38.271156,142.14003,ryan corner
RYEPARK,Rye Park,NEM,NSW1,-34.63317,148.95364,rye park
SALTCRK,Salt Creek,NEM,VIC1,-37.930719,142.773524,salt creek
SAPHWF1,Sapphire,NEM,NSW1,-29.710273,151.44558,sapphire
SEBSF,Sebastopol,NEM,NSW1,-34.609386,147.557888,sebastopol
SHEP1,Shepparton,NEM,VIC1,-36.322223,145.379291,shepparton
SHOALHAV,Shoalhaven,NEM,NSW1,-34.733085,150.4667,shoalhaven
SHOAL,Shoalhaven Starches,NEM,NSW1,-34.8547,150.6138,shoalhaven starches
STWF,Silverton,NEM,NSW1,-31.86095,141.296349,silverton
SITHE,Smithfield,NEM,NSW1,-33.849945,150.94941,smithfield
SMTHBES1,Smithfield,NEM,NSW1,-33.849972,150.947448,smithfield
SNAPPER,Snapper Point,NEM,SA1,-34.764433,138.508149,snapper point
SNOWTOWN,Snowtown,NEM,SA1,-33.691598,138.166022,snowtown
SNOWNTH,Snowtown North,NEM,SA1,-33.756479,138.143043,snowtown north
SNOWSTH,Snowtown South,NEM,SA1,-33.862624,138.130367,snowtown south
SNOWY20,Snowy 2.0,NEM,NSW1,-35.745207,148.653852,snowy 2 0
SNUG,Snuggery,NEM,SA1,-37.664996,140.414686,snuggery
AGLSOM,Somerton,NEM,VIC1,-37.631692,144.952802,somerton
SKSF,South Keswick,NEM,NSW1,-32.272801,148.659285,south keswick
STHBKTEC,Southbank Institute Of Technology,NEM,QLD1,-27.480589,153.020999,southbank institute of technology
SVALE,Springvale,NEM,VIC1,-37.973375,145.139695,springvale
STGEORGE,St George Leagues Club,NEM,NSW1,-33.974819,151.129354,st george leagues club
SLDCBLK,St Leonards Data Centre,NEM,TAS1,-41.440151,147.174429,st leonards data centre
STANBESS,Stanwell,NEM,QLD1,-23.513568,150.31811,stanwell
STANWELL,Stanwell,NEM,QLD1,-23.507452,150.313355,stanwell
STAPYLTON,Stapylton,NEM,QLD1,-27.736111,153.245931,stapylton
STARFHILL,Starfish Hill,NEM,SA1,-35.578983,138.139653,starfish hill
STOCKYD,Stockyard Hill,NEM,VIC1,-37.53568,143.252548,stockyard hill
STUBSF,Stubbo,NEM,NSW1,-32.26254,149.589068,stubbo
SUMMFBESS,Summerfield,NEM,SA1,-34.9538,139.21502,summerfield
SMCSF,Sun Metals,NEM,QLD1,-19.332335,146.875929,sun metals
SUNRSF1,Sunraysia,NEM,NSW1,-34.804891,143.491185,sunraysia
VALDORA,Sunshine Coast,NEM,QLD1,-26.560094,153.02574,sunshine coast
SUNTPSF,Suntop,NEM,NSW1,-32.583514,148.826931,suntop
SNB1,Supernode,NEM,QLD1,-27.458521,153.111745,supernode
SUPERNODE2,Supernode 2,NEM,QLD1,-27.449227,153.112538,supernode 2
SNB3,Supernode 3,NEM,QLD1,-27.447731,153.113869,supernode 3
SRSF,Susan River,NEM,QLD1,-25.419331,152.741687,susan river
SWANBBF,Swanbank,NEM,QLD1,-27.65619,152.817139,swanbank
SWAN_B,Swanbank B,NEM,QLD1,-27.655286,152.818644,swanbank b
SWAN_E,Swanbank E,NEM,QLD1,-27.655138,152.817933,swanbank e
TABMILL2,Tableland Mill,NEM,QLD1,-17.119813,145.34513,tableland mill
TAHMOOR,Tahmoor,NEM,NSW1,-34.249117,150.577718,tahmoor
TBSF,Tailem Bend,NEM,SA1,-35.271346,139.488379,tailem bend
TB2SF,Tailem Bend 2,NEM,SA1,-35.28,139.49,tailem bend 2
TBBESS3,Tailem Bend 3,NEM,SA1,-35.271112,139.487793,tailem bend 3
TALLAWAR,Tallawarra,NEM,NSW1,-34.522808,150.807237,tallawarra
TALWB,Tallawarra B,NEM,NSW1,-34.522808,150.807237,tallawarra b
TVCCPS,Tamar Valley,NEM,TAS1,-41.140348,146.904872,tamar valley
TARALGA,Taralga,NEM,NSW1,-34.431428,149.865258,taralga
TARBESS,Tarong,NEM,QLD1,-26.780561,151.910086,tarong
TARONG,Tarong,NEM,QLD1,-26.784086,151.914537,tarong
TARONGN,Tarong North,NEM,QLD1,-26.774391,151.914007,tarong north
TARRALEA,Tarraleah,NEM,TAS1,-42.301224,146.457294,tarraleah
TATIARA,Tataria,NEM,SA1,-36.326977,140.737035,tataria
TATURA,Tatura,NEM,VIC1,-36.47915,145.235037,tatura
TEMPB,Templers,NEM,SA1,-34.46293,138.764848,templers
SATGN,Temporary Generation North,NEM,SA1,-34.719707,138.668425,temporary generation north
SATGS,Temporary Generation South,NEM,SA1,-35.096799,138.483997,temporary generation south
TERALBA,Teralba,NEM,NSW1,-32.945557,151.612042,teralba
TERANGBESS,Terang,NEM,VIC1,-38.231839,142.933262,terang
TERMSTOR,Terminal,NEM,SA1,-34.84014,138.712137,terminal
BLUFF,The Bluff,NEM,SA1,-33.367741,138.79379,the bluff
THEDROP,The Drop,NEM,NSW1,-35.973527,145.999274,the drop
TILBSF,Tilbuster,NEM,NSW1,-30.382963,151.658909,tilbuster
TIMWEST,Timboon West,NEM,VIC1,-38.528351,142.916231,timboon west
TOMAGOBESS,Tomago,NEM,NSW1,-32.814277,151.706523,tomago
TOORAWF,Toora,NEM,VIC1,-38.653258,146.340154,toora
TIB,Torrens Island,NEM,SA1,-34.802305,138.520262,torrens island
TORRIS,Torrens Island,NEM,SA1,-34.80651,138.523127,torrens island
TOWER,Tower,NEM,NSW1,-34.219461,150.718012,tower
YABULU,Townsville,NEM,QLD1,-19.20127,146.618573,townsville
TGNSS,Traralgon Network Support,NEM,VIC1,-37.833513,144.965955,traralgon network support
TREVALLN,Trevallyn,NEM,TAS1,-41.42262,147.111785,trevallyn
TRIBUTE,Tribute,NEM,TAS1,-41.815832,145.650178,tribute
TULLYSM,Tully Sugar Mill,NEM,QLD1,-17.937329,145.92739,tully sugar mill
SNOWY2,Tumut,NEM,NSW1,-35.952003,148.367255,tumut
TUMUT3,Tumut 3,NEM,NSW1,-35.611138,148.29175,tumut 3
TUNGATIN,Tungatinah,NEM,TAS1,-42.296802,146.456568,tungatinah
ULBESS,Ulinda Park,NEM,QLD1,-26.92635,150.717472,ulinda park
URANQ,Uranquinty,NEM,NSW1,-35.180061,147.21567,uranquinty
UUNGULAWF,Uungula,NEM,NSW1,-32.551969,149.161325,uungula
VP,Vales Point B,NEM,NSW1,-33.16078,151.543985,vales point b
VPGS,Valley Power Peaking,NEM,VIC1,-38.253709,146.588886,valley power peaking
TITREE,Veolia Ti Tree,NEM,QLD1,-27.695551,152.650313,veolia ti tree
VICMILL,Victoria Mill,NEM,QLD1,-18.650208,146.200866,victoria mill
VBB,Victorian Big Battery,NEM,VIC1,-38.038278,144.290383,victorian big battery
WAGGNSF,Wagga North,NEM,NSW1,-35.070575,147.438807,wagga north
WLWLSF,Walla Walla,NEM,NSW1,-35.747397,146.96666,walla walla
WW,Wallerawang,NEM,NSW1,-33.403889,150.084444,wallerawang
WALGRV,Wallgrove,NEM,NSW1,-33.813917,150.830827,wallgrove
PRDSO_WALPOLE,Walpole,NEM,WEM,-34.988023,116.722925,walpole
WAMBOWF,Wambo,NEM,QLD1,-26.603045,151.246876,wambo
WANDSF,Wandoan,NEM,QLD1,-26.248848,149.765988,wandoan
WANDBG,Wandoan South,NEM,QLD1,-26.261526,149.765738,wandoan south
WNSF,Wangaratta,NEM,VIC1,-36.326757,146.359901,wangaratta
WTAHB,Waratah Super Battery,NEM,NSW1,-33.209781,151.544911,waratah super battery
WG,Warragamba,NEM,NSW1,-33.882862,150.596954,warragamba
WARWSF,Warwick,NEM,QLD1,-28.183037,152.071764,warwick
WATERLWF,Waterloo,NEM,SA1,-34.001298,138.91088,waterloo
WPWF,Wattle Point,NEM,SA1,-35.110379,137.705789,wattle point
WAUBRAWF,Waubra,NEM,VIC1,-37.357446,143.603659,waubra
WELLSF1,Wellington,NEM,NSW1,-32.5207,148.9675,wellington
WELNSF,Wellington North,NEM,NSW1,-32.514353,148.957634,wellington north
WEMENSF1,Wemen,NEM,VIC1,-34.799853,142.547621,wemen
WESTILLA,West Illawarra Leagues Club,NEM,NSW1,-34.451645,150.843037,west illawarra leagues club
WKIEWA,West Kiewa,NEM,VIC1,-36.759974,147.185812,west kiewa
AGLNOW1,West Nowra,NEM,NSW1,-34.882318,150.551075,west nowra
WSTWYSF,West Wyalong,NEM,NSW1,-33.809655,147.325015,west wyalong
WDBESS,Western Downs,NEM,QLD1,-26.952278,150.690528,western downs
WDGPH,Western Downs,NEM,QLD1,-26.955534,150.67862,western downs
WDBESS2,Western Downs 2,NEM,QLD1,-26.951989,150.694141,western downs 2
WDBESS3,Western Downs 3,NEM,QLD1,-26.952008,150.694188,western downs 3
WESTCBT,Western Suburbs League Club,NEM,NSW1,-34.051073,150.832757,western suburbs league club
WRSF1,White Rock Solar Farm,NEM,NSW1,-29.764429,151.553007,white rock solar farm
WRWF1,White Rock Wind Farm,NEM,NSW1,-29.7718,151.5755,white rock wind farm
WHITSF,Whitsunday,NEM,QLD1,-20.492712,147.756358,whitsunday
WHIT1,Whitwood Road,NEM,QLD1,-27.620454,152.824409,whitwood road
WILGAPK,Wilga Park,NEM,NSW1,-30.363284,149.677422,wilga park
WILGAPKB,Wilga Park B,NEM,NSW1,-30.363284,149.677422,wilga park b
WILLHOV,William Hovel,NEM,VIC1,-36.925216,146.389418,william hovel
0WDBESS,Williamsdale,NEM,NSW1,-35.57458,149.131993,williamsdale
WGWF,Willogoleche,NEM,SA1,-33.413128,138.845663,willogoleche
NINEWIL,Willoughby,NEM,NSW1,-33.810858,151.196599,willoughby
WINDHILL,Windy Hill,NEM,QLD1,-17.590399,145.52968,windy hill
WINGF1,Wingfield,NEM,SA1,-34.835138,138.548949,wingfield
WINGF2,Wingfield 2,NEM,SA1,-34.835138,138.548949,wingfield 2
WINTSF1,Winton,NEM,VIC1,-36.503538,146.124102,winton
0WNSF,Winton North,NEM,VIC1,-36.499717,146.114153,winton north
WIVENHOE,Wivenhoe,NEM,QLD1,-27.372417,152.63203,wivenhoe
WIVENSH,Wivenhoe,NEM,QLD1,-27.394592,152.609237,wivenhoe
WOLARSF,Wollar,NEM,NSW1,-32.407631,149.940737,wollar
WOLLERT,Wollert,NEM,VIC1,-37.591792,145.043033,wollert
WONWP,Wonthaggi,NEM,VIC1,-38.60513,145.546292,wonthaggi
WDLNGN,Woodlawn,NEM,NSW1,-35.05928,149.5749,woodlawn
WOODLWN,Woodlawn,NEM,NSW1,-35.081675,149.570511,woodlawn
WOOLNTH1,Woolnorth,NEM,TAS1,-40.786606,144.738536,woolnorth
WOOLGSF,Woolooga,NEM,QLD1,-26.075843,152.437448,woolooga
WOORBESS,Wooreen,NEM,VIC1,-38.27376,146.427729,wooreen
WOYWOY,Woy Woy,NEM,NSW1,-33.506914,151.291606,woy woy
WUNUSF,Wunghnu,NEM,VIC1,-36.164387,145.403731,wunghnu
WYASF,Wyalong,NEM,NSW1,-33.887269,147.315314,wyalong
WYANGALA,Wyangala A,NEM,NSW1,-33.968824,148.948823,wyangala a
WYANGALB,Wyangala B,NEM,NSW1,-33.968824,148.948823,wyangala b
WYNDW,Wyndham,NEM,VIC1,-37.935372,144.5898,wyndham
YALLOURN,Yallourn W,NEM,VIC1,-38.177589,146.342556,yallourn w
YSWF,Yaloak South,NEM,VIC1,-37.716474,144.241947,yaloak south
YAMBUK,Yambuk,NEM,VIC1,-38.305278,142.018439,yambuk
YARANSF,Yarranlea,NEM,QLD1,-27.709261,151.533038,yarranlea
YWNGAHYD,Yarrawonga,NEM,VIC1,-36.009466,145.999568,yarrawonga
YARWUN,Yarwun,NEM,QLD1,-23.8309,151.151136,yarwun
YATSF1,Yatpool,NEM,VIC1,-34.396363,142.173809,yatpool
YAWWF,Yawong,NEM,VIC1,-36.471022,143.361722,yawong
YENDONWF,Yendon,NEM,VIC1,-37.630407,144.023136,yendon
